1|The Upside|6,7|2019|https://www.primevideo.com/detail/0JTCUOIHF44GV4SJ7JRR9ZH9AT/ref=br_def_r_br_c_ds4sVpsmr_1_1
2|Man on fire|7,7|2004|https://www.primevideo.com/detail/0QSSVY2J3P92G3CWZQ9BF26LTO/ref=br_def_r_br_c_ds4sVpsmr_1_2
3|Guava Island|6,9|2019|https://www.primevideo.com/detail/0MRX5JGS7TX6RKG1WHSDU9BYAL/ref=br_def_r_br_c_ds4sVpsmr_1_3
4|Robin des Bois|6,7|2010|https://www.primevideo.com/detail/0I5LVHEYZFZ51QTL86QYXWQ1QW/ref=br_def_r_br_c_ds4sVpsmr_1_4
5|Gladiator|8,5|2000|https://www.primevideo.com/detail/0I9W28WNYJE1W14IIK4D3UP4M3/ref=br_def_r_br_c_ds4sVpsmr_1_5
6|Arrête-Moi Si Tu Peux|8,1|2002|https://www.primevideo.com/detail/0T1RKA5DY5Z7YSQ3XG4W1F47CG/ref=br_def_r_br_c_ds4sVpsmr_1_7
7|Closer, entre adultes consentants|7,3|2004|https://www.primevideo.com/detail/0Q37K573I9MSMHI04TY19TT5Y1/ref=br_def_r_br_c_ds4sVpsmr_1_8
8|Fille du Président, La|5,0|2004|https://www.primevideo.com/detail/0S3OTOP9CWALEIDH2O4SZXX5KX/ref=br_def_r_br_c_ds4sVpsmr_1_10
9|Sécurité rapprochée|6,8|2012|https://www.primevideo.com/detail/0SOZK9U5OTPM0B8ITM4VFJ86L1/ref=br_def_r_br_c_ds4sVpsmr_1_13
10|Contrebande|6,5|2012|https://www.primevideo.com/detail/0RQWEMPS1NOCZ2BJ7GP5MFLF3O/ref=br_def_r_br_c_ds4sVpsmr_1_15
11|Le Joueur de base-ball était un Espion|6,2|2018|https://www.primevideo.com/detail/0N4OWUVP6CEG0MRZZ34D018NSX/ref=br_def_r_br_c_ds4sVpsmr_1_16
12|Au bout de la nuit|6,8|2008|https://www.primevideo.com/detail/0OFJZZ78QX7QIFZG8NHKERFQ5V/ref=br_def_r_br_c_ds4sVpsmr_1_17
13|Infidèle|6,7|2002|https://www.primevideo.com/detail/0HBTFTRG4UE2D8BSKQARL3P86C/ref=br_def_r_br_c_ds4sVpsmr_1_18
14|Apollo 13|7,6|1995|https://www.primevideo.com/detail/0TEJSSSC5M3PH1O17J6XLXADB4/ref=br_def_r_br_c_ds4sVpsmr_1_19
15|Mr. & Mrs. Smith|6,5|2005|https://www.primevideo.com/detail/0LGZH3ICDHL2EPVFAH39EF9N6O/ref=br_def_r_br_c_ds4sVpsmr_1_22
16|Watchmen - Les Gardiens|7,6|2009|https://www.primevideo.com/detail/0QSRULL2UXNOEXW60UK4UP7N29/ref=br_def_r_br_c_ds4sVpsmr_1_23
17|8 Mile|7,1|2003|https://www.primevideo.com/detail/0GDNZSM9LHLVJXQ915BLH1CL6W/ref=br_def_r_br_c_ds4sVpsmr_1_29
18|Hannibal|6,8|2001|https://www.primevideo.com/detail/0TRC59OWVIX3VWEG9J6TW9JWZD/ref=br_def_r_br_c_ds4sVpsmr_1_30
19|Dirty Dancing : Émission spéciale|3,1|2017|https://www.primevideo.com/detail/0S7Y20KGP11DRGK4SC6HPW2RPM/ref=br_def_r_br_c_ds4sVpsmr_1_31
20|Miami Vice - Deux Flics a Miami|6,0|2006|https://www.primevideo.com/detail/0J3PGIWTRA29ASREDD3M6ORUA7/ref=br_def_r_br_c_ds4sVpsmr_1_32
21|A Destiny of Her Own|7,3|1999|https://www.primevideo.com/detail/0I5MSSQG0EBZ3D0XNDKQOCEN0J/ref=br_def_r_br_c_ds4sVpsmr_1_36
22|Dragon rouge|7,2|2002|https://www.primevideo.com/detail/0IQX3NUQ9JD42E6SJLSMJ8ELAZ/ref=br_def_r_br_c_ds4sVpsmr_1_37
23|Mange, prie, aime|5,8|2010|https://www.primevideo.com/detail/0L46JTE9LMLOE7942X0JKQ2Q1Q/ref=br_def_r_br_c_ds4sVpsmr_1_38
24|Jfk|8,0|1991|https://www.primevideo.com/detail/0KN5B0OK773MH5E9TR90U81406/ref=br_def_r_br_c_ds4sVpsmr_1_40
25|Les Misérables|7,6|2013|https://www.primevideo.com/detail/0GM6XXIOGZB5RCGS3YWU4VNCR8/ref=br_def_r_br_c_ds4sVpsmr_1_41
26|Bel Canto|5,3|2019|https://www.primevideo.com/detail/0U47BB70PTTDXXGUNRH6I0AHR8/ref=br_def_r_br_c_ds4sVpsmr_1_42
27|Aiguilleurs, Les|6,0|1999|https://www.primevideo.com/detail/0N8X9JG5DAJY8RIG2FWPN5NXWO/ref=br_def_r_br_c_ds4sVpsmr_1_43
28|The Revenant|8,0|2015|https://www.primevideo.com/detail/0LCPYMTJRK4TS7ST1O9E5NQQWF/ref=br_def_r_br_c_ds4sVpsmr_1_48
29|Négociateur|7,3|1998|https://www.primevideo.com/detail/0H39R75ZDXTDOM7DN1TA04KU73/ref=br_def_r_br_c_ds4sVpsmr_1_49
30|Heat|8,2|1995|https://www.primevideo.com/detail/0LPIETH9MIDPC7M1TBM4U7BV4I/ref=br_def_r_br_c_ds4sVpsmr_1_52
31|La guerre selon Charlie Wilson|7,1|2008|https://www.primevideo.com/detail/0P0U60N78BVFA1RYAKCF45LZF2/ref=br_def_r_br_c_ds4sVpsmr_1_53
32|L.A. Confidential|8,3|1997|https://www.primevideo.com/detail/0LL8YJ5XGF1AIXTIOLQQX5P8XY/ref=br_def_r_br_c_ds4sVpsmr_1_55
33|American Gangster|7,8|2007|https://www.primevideo.com/detail/0QK8X9RC5QY708M7ZWLMVFMVL5/ref=br_def_r_br_c_ds4sVpsmr_1_57
34|CHI-RAQ|5,7|2015|https://www.primevideo.com/detail/0JC8QI0514190M4SP06A4SZDXV/ref=br_def_r_br_c_ds4sVpsmr_1_63
35|La Vie, ma vie|6,5|2017|https://www.primevideo.com/detail/0HX4DSQG5JXIQ0Z62VCNXBGZC7/ref=br_def_r_br_c_ds4sVpsmr_1_67
36|Il était une fois en Amérique|8,4|1984|https://www.primevideo.com/detail/0ND6SCFEYWIRDPBK2GIWSP6UJM/ref=br_def_r_br_c_ds4sVpsmr_1_70
37|World Trade Center|6,0|2006|https://www.primevideo.com/detail/0FBAXJPMYU68HDVI6AKBFTNFH9/ref=br_def_r_br_c_ds4sVpsmr_1_71
38|Taxi Driver|8,3|1976|https://www.primevideo.com/detail/0QK98ZEJHTDZC4R8LFKM42VT4O/ref=br_def_r_br_c_ds4sVpsmr_1_72
39|Bienvenue à Gattaca|7,8|1997|https://www.primevideo.com/detail/0GQGTTMJCM1PDHQWANMLX1WCPS/ref=br_def_r_br_c_ds4sVpsmr_1_76
40|Lucifer (Malayalam)|7,7|2019|https://www.primevideo.com/detail/0NYJS1ARLZXEBXPMBA0YIMASOO/ref=br_def_r_br_c_ds4sVpsmr_1_80
41|Tueurs Nés|7,3|1994|https://www.primevideo.com/detail/0IMON2OPTZ4ZOEZ6SVGKCAX0ZU/ref=br_def_r_br_c_ds4sVpsmr_1_81
42|Munich|7,6|2005|https://www.primevideo.com/detail/0KELINTTPUSTYV4Q6SCUKNW4OL/ref=br_def_r_br_c_ds4sVpsmr_1_82
43|Family Business|5,7|1989|https://www.primevideo.com/detail/0KZXNWTLOPRA6B2RLNKT9TE0WV/ref=br_def_r_br_c_ds4sVpsmr_1_88
44|Stay|6,9|2005|https://www.primevideo.com/detail/0JGIS27JAUS9DYMW2BO0Z64G3S/ref=br_def_r_br_c_ds4sVpsmr_1_91
45|Contre-enquête|6,5|1990|https://www.primevideo.com/detail/0KZXNWUB9RR2LHUW1R71MK7A3V/ref=br_def_r_br_c_ds4sVpsmr_1_94
46|Les Ombres du Coeur|7,3|1993|https://www.primevideo.com/detail/0RZEDAG0LD81PPFBFJYYT1IG1N/ref=br_def_r_br_c_ds4sVpsmr_1_95
47|Footloose|6,5|1984|https://www.primevideo.com/detail/0JKR7SACG74DWW16WOQMQIBEWM/ref=br_def_r_br_c_ds4sVpsmr_1_96
48|Brazil|8,0|1985|https://www.primevideo.com/detail/0QX2AQ1LVNKHG0POOIMBBJEF47/ref=br_def_r_br_c_ds4sVpsmr_1_118
49|Vanilla Sky|6,9|2001|https://www.primevideo.com/detail/0RQVI6GG4AXP1XRJHYLKC1IL9O/ref=br_def_r_br_c_ds4sVpsmr_1_121
50|L'incroyable destin de Harold Crick. (2006)|7,6|2006|https://www.primevideo.com/detail/0Q37XSROPT4X19GM1HRBGJV8WP/ref=br_def_r_br_c_ds4sVpsmr_1_122
51|Blessures secrètes|7,3|1993|https://www.primevideo.com/detail/0GQHFR7PGFQUX2S9SB89H0CQAB/ref=br_def_r_br_c_ds4sVpsmr_1_123
52|Sept vies|7,6|2008|https://www.primevideo.com/detail/0SGGGAO693JXHGKCGRAPZZ2LK4/ref=br_def_r_br_c_ds4sVpsmr_1_124
53|Stop-Loss|6,5|2008|https://www.primevideo.com/detail/0KZWNTG4L0DABKR58E1NE6LC1O/ref=br_def_r_br_c_ds4sVpsmr_1_128
54|Dreamgirls|6,5|2006|https://www.primevideo.com/detail/0M29TDWLIHCCEC3JQBL3CY6UNU/ref=br_def_r_br_c_ds4sVpsmr_1_129
55|True Story|6,3|2015|https://www.primevideo.com/detail/0LL802ORJP1VCKDG4UQ5CEG4BF/ref=br_def_r_br_c_ds4sVpsmr_1_131
56|Cobb|6,4|1994|https://www.primevideo.com/detail/0LL8XE64MAGZ5EHUSTG6765IXS/ref=br_def_r_br_c_ds4sVpsmr_1_134
57|Mots retrouvés, Les|5,5|2005|https://www.primevideo.com/detail/0ST9JGPCVHLIP1AIMVQ1Q2B5MC/ref=br_def_r_br_c_ds4sVpsmr_1_135
58|Des Hommes D'honneur|7,7|1992|https://www.primevideo.com/detail/0T61ESW8AHQXXE50HBCG2TIDET/ref=br_def_r_br_c_ds4sVpsmr_1_138
59|Lucifer (Telugu)|7,7|2019|https://www.primevideo.com/detail/0NQ0VFZCDBDQ7A03X7JOET8KZ9/ref=br_def_r_br_c_ds4sVpsmr_1_143
60|La Baby-sitter|4,3|1995|https://www.primevideo.com/detail/0LL7WTKLWBFLEFLGYFAS9F44LO/ref=br_def_r_br_c_ds4sVpsmr_1_155
61|Le Stratege|7,6|2011|https://www.primevideo.com/detail/0MRUQ2RX6HVX1K13VYGP1K9OO9/ref=br_def_r_br_c_ds4sVpsmr_1_157
62|Amistad|7,3|1997|https://www.primevideo.com/detail/0JXJPLAYHO6RIM6GEMKM8V1X1J/ref=br_def_r_br_c_ds4sVpsmr_1_158
63|Lucifer (Tamil)|7,7|2019|https://www.primevideo.com/detail/0JXMDYYYTFZLORFDB7TXW6YEPP/ref=br_def_r_br_c_ds4sVpsmr_1_168
64|Le Prince Des Marees|6,7|1991|https://www.primevideo.com/detail/0HG1JHZFWYYJ8BG08HFGWHWJN7/ref=br_def_r_br_c_ds4sVpsmr_1_175
65|Affaires Privées|6,5|1990|https://www.primevideo.com/detail/0PHWOBFX7FI4W9PLFK9BZBUHZN/ref=br_def_r_br_c_ds4sVpsmr_1_177
66|American Beauty|8,4|1999|https://www.primevideo.com/detail/0I1CGN2Y3R00Y5USXND1LHF4B9/ref=br_def_r_br_c_ds4sVpsmr_1_181
67|In The Air|7,4|2009|https://www.primevideo.com/detail/0RQVGN3AKU7JY0Q26WXXXTCSDT/ref=br_def_r_br_c_ds4sVpsmr_1_182
68|Layer Cake|7,3|2004|https://www.primevideo.com/detail/0RE3KDSTE3BMG4Y9EGAYL0CCLH/ref=br_def_r_br_c_ds4sVpsmr_1_185
69|Kavaludaari|8,3|2019|https://www.primevideo.com/detail/0K659E9DIARDKZR8TBDUGWH9CL/ref=br_def_r_br_c_ds4sVpsmr_1_197
70|Yajamana|7,4|2019|https://www.primevideo.com/detail/0IV96ITTNJ65L0GWVVNATWMBCG/ref=br_def_r_br_c_ds4sVpsmr_1_208
71|Avec ou sans hommes|6,4|1995|https://www.primevideo.com/detail/0NPZ2PYQ4M25UXF00359PKAV70/ref=br_def_r_br_c_ds4sVpsmr_1_214
72|La Puissance de l'ange|7,2|1992|https://www.primevideo.com/detail/0TEKSY0H8USVOICZ8TCUBPX7SZ/ref=br_def_r_br_c_ds4sVpsmr_1_218
73|Danse ta vie|6,7|2000|https://www.primevideo.com/detail/0PHWCY2NCD8CKFFDXX8TS7Y9JW/ref=br_def_r_br_c_ds4sVpsmr_1_225
74|Public Enemies|7,0|2009|https://www.primevideo.com/detail/0S7X9F2ZNHR7121BPAHZIUZ3YB/ref=br_def_r_br_c_ds4sVpsmr_1_230
75|Le Terminal|7,3|2004|https://www.primevideo.com/detail/0ST9HAOV9Q3I5OYVWQLT4ZW8DN/ref=br_def_r_br_c_ds4sVpsmr_1_233
76|Mohalla Assi|7,0|2018|https://www.primevideo.com/detail/0K1VIQQKAARBUUKD6A1LJ5VP0J/ref=br_def_r_br_c_ds4sVpsmr_1_244
77|Les Leçons de la Vie|7,3|1994|https://www.primevideo.com/detail/0FBB1TWV0G8G0WQPZAEIKCRUFA/ref=br_def_r_br_c_ds4sVpsmr_1_245
78|Dans l'ombre de Manhattan|6,6|1997|https://www.primevideo.com/detail/0KVN71L7W1LG0DKCSMAKROG8VR/ref=br_def_r_br_c_ds4sVpsmr_1_246
79|Foxfire, confessions d'un gang de filles|6,2|1996|https://www.primevideo.com/detail/0MJBJ6VWD8GL0W9BVLQMR6SUWP/ref=br_def_r_br_c_ds4sVpsmr_1_247
80|La Vie est Belle|8,6|1946|https://www.primevideo.com/detail/0P9CY07HMYJKEUGIACPC6GEZMI/ref=br_def_r_br_c_ds4sVpsmr_1_251
81|The Place Beyond The Pines|7,3|2012|https://www.primevideo.com/detail/0FWMV02SAQ2OA19FQMFUJAT7M4/ref=br_def_r_br_c_ds4sVpsmr_1_283
82|Les stars ne meurent pas à Liverpool|6,7|2017|https://www.primevideo.com/detail/0NQ0A82SPXD957HJC0WP1E061S/ref=br_def_r_br_c_ds4sVpsmr_1_292
83|Black Snake Moan|7,0|2007|https://www.primevideo.com/detail/0QBQ1V87B1MD3NV6TSPNVCSO0Q/ref=br_def_r_br_c_ds4sVpsmr_1_295
84|Étoile du soir|5,8|1996|https://www.primevideo.com/detail/0NLONT93PCT47QI23KT770C3YW/ref=br_def_r_br_c_ds4sVpsmr_1_308
85|Pataakha|7,2|2018|https://www.primevideo.com/detail/0G9GSSXHF3LZ16IN41T3M54404/ref=br_def_r_br_c_ds4sVpsmr_1_309
86|When a Stranger Calls|5,1|2006|https://www.primevideo.com/detail/0G0WGMABQNLHE9JPPOFL81K4X3/ref=br_def_r_br_c_ds4sVpsmr_1_318
87|Guilty By Suspicion|6,5|1991|https://www.primevideo.com/detail/0LPIF7HDK347Z181Z41RHZAPCX/ref=br_def_r_br_c_ds4sVpsmr_1_321
88|The Patriot : Le Chemin De La Liberte|7,2|2000|https://www.primevideo.com/detail/0FFKVBYKIGMYFAE57WW53CFW9D/ref=br_def_r_br_c_ds4sVpsmr_1_346
89|The Weather Man|6,6|2005|https://www.primevideo.com/detail/0JGHRWKRKQXHEIWPOGHZAWL3AW/ref=br_def_r_br_c_ds4sVpsmr_1_379
90|Visionnistes (Visioneers)|6,1|2008|https://www.primevideo.com/detail/0G564NQ5MXTBJ3VKXZRZI8EIPA/ref=br_def_r_br_c_ds4sVpsmr_1_399
91|Presque Adultes (Almost Adults)|5,6|2017|https://www.primevideo.com/detail/0RQWCMX9JXUTOJNL5QQC5IX1CK/ref=br_def_r_br_c_ds4sVpsmr_1_431
92|Nos Souvenirs Brûlés|7,2|2007|https://www.primevideo.com/detail/0RE33TBWKU0CVZHY6RDX0O6OYR/ref=br_def_r_br_c_ds4sVpsmr_1_499
93|Potins De Femmes|7,3|1989|https://www.primevideo.com/detail/0PQF88HZHQ1V1BTF5AEZDQRM9R/ref=br_def_r_br_c_ds4sVpsmr_1_512
